{
  "registros": [
    {
      "socio_demografico": {
        "nut": "1202921290",
        "nombre": "JARA ALVARADO MARTHA LORENA",
        "sexo": "2",
        "fecha_1": "11/01/1969",
        "nacionalidad": "239",
        "civil": "2",
        "fecha_2": "03/25/2009",
        "fecha_3": " ",
        "profesion": "C36"
      },
      "datos_en_relacion_dependencia": {
        "ruc1": " ",
        "nombre1": " ",
        "direccion1": " ",
        "telefono1": " ",
        "descripcion1": " ",
        "actividad1": " ",
        "provincia1": " ",
        "canton1": " ",
        "parroquia1": " ",
        "rango1": "0",
        "rango2": "0",
        "rango3": "0",
        "rango4": "0",
        "fecha_4": " ",
        "fecha_5": " ",
        "ocupacion": " "
      },
      "datos_relacion_independencia": {
        "RUC": "1202921290001",
        "RAZON": "JARA ALVARADO MARTHA LORENA",
        "FANTASIA": "D'LORENS",
        "INICIO": "01/05/2004",
        "CANCELACION": "01/25/2019",
        "SUSPENSION": "01/25/2019",
        "REINICIO": "01/29/2020",
        "DIRECCION_RUC": "CDLA. DEL CHOFER CALLE PRINCIPAL -",
        "TELEFONORUC": "0962766342",
        "REFERENCIA": "A UNA CUADRA DE LA GASOLINERA DEL SINDICATO DE CHOFERES",
        "ACTIVIDAD_RUC": "G47210901",
        "PROVINCIA_RUC": "12",
        "CANTON_RUC": "1205",
        "PARROQUIA_RUC": "120507"
      },
      "medioscontacto": {
        "medio1": "0962766342",
        "medio2": "0994509592",
        "medio3": "0981794246",
        "medio4": "0994772027",
        "medio5": "052783152",
        "medio6": "094772027",
        "DIRECCION_ADICIONAL": " ",
        "TELEFONO_ADICIONAL": " ",
        "PROVINCIA_ADICIONAL": "99",
        "CANTON_ADICIONAL": "9999",
        "PARROQUIA_ADICIONAL": "999999",
        "EMAIL1": "000000@000.000",
        "EMAIL2": " "
      },
      "empleador_1": {
        "empleador1ruc1": "",
        "empleador1nombre1": "",
        "empleador1direccion1": "",
        "empleador1telefono1": "",
        "empleador1descripcion1": "",
        "empleador1actividad1": "",
        "empleador1cargo1": "",
        "empleador1salario1": "",
        "empleador1ingreso1": "",
        "empleador1salida1": "",
        "empleador1provincia1": "",
        "empleador1canton1": "",
        "empleador1parroquia1": ""
      },
      "empleador_2": {
        "empleador2ruc2": "",
        "empleador2nombre2": "",
        "empleador2direccion2": "",
        "empleador2telefono2": "",
        "empleador2descripcion2": "",
        "empleador2actividad2": "",
        "empleador2cargo2": "",
        "empleador2salario2": "",
        "empleador2ingreso2": "",
        "empleador2salida2": "",
        "empleador2provincia2": "",
        "empleador2canton2": "",
        "empleador2parroquia2": ""
      },
      "cantidad_cargas": {
        "cargas": "3"
      },
      "medios": {
        "direccion_medio": "AV.WALTER ANDRADE Mz-1 Sl-11 CALLE A CASA ESQUINERA",
        "telefono_medio": "052783152",
        "celular_medio": "0994509592",
        "email_medio": " ",
        "provincia_medio": "LOS RIOS",
        "canton_medio": "QUEVEDO",
        "parroquia_medio": "SIETE DE OCTUBRE"
      },
      "medios_2": {
        "direccion_medio": "",
        "telefono_medio": "",
        "celular_medio": "",
        "email_medio": "",
        "provincia_medio": "",
        "canton_medio": "",
        "parroquia_medio": ""
      }
    },
    {
      "socio_demografico": {
        "nut": "1202921291",
        "nombre": "PEREZ JARA LUIS FERNANDO",
        "sexo": "1",
        "fecha_1": "04/15/1982",
        "nacionalidad": "245",
        "civil": "1",
        "fecha_2": "07/20/2010",
        "fecha_3": " ",
        "profesion": "C45"
      },
      "datos_en_relacion_dependencia": {
        "ruc1": " ",
        "nombre1": " ",
        "direccion1": " ",
        "telefono1": " ",
        "descripcion1": " ",
        "actividad1": " ",
        "provincia1": " ",
        "canton1": " ",
        "parroquia1": " ",
        "rango1": "0",
        "rango2": "0",
        "rango3": "0",
        "rango4": "0",
        "fecha_4": " ",
        "fecha_5": " ",
        "ocupacion": " "
      },
      "datos_relacion_independencia": {
        "RUC": "1203984721001",
        "RAZON": "PEREZ GARCÍA LUIS FERNANDO",
        "FANTASIA": "PEREZ ELECTRONICS",
        "INICIO": "06/10/2015",
        "CANCELACION": " ",
        "SUSPENSION": " ",
        "REINICIO": " ",
        "DIRECCION_RUC": "AV. SANTO DOMINGO Y CALLE 10",
        "TELEFONORUC": "0965124789",
        "REFERENCIA": "A LADO DE LA FARMACIA EL SOL",
        "ACTIVIDAD_RUC": "G47410101",
        "PROVINCIA_RUC": "14",
        "CANTON_RUC": "1403",
        "PARROQUIA_RUC": "140301"
      },
      "medioscontacto": {
        "medio1": "0965124789",
        "medio2": "0998765432",
        "medio3": "0987654321",
        "medio4": "0998765412",
        "medio5": "052345678",
        "medio6": "094543210",
        "DIRECCION_ADICIONAL": " ",
        "TELEFONO_ADICIONAL": " ",
        "PROVINCIA_ADICIONAL": "99",
        "CANTON_ADICIONAL": "9999",
        "PARROQUIA_ADICIONAL": "999999",
        "EMAIL1": "luis.perez@example.com",
        "EMAIL2": " "
      },
      "empleador_1": {
        "empleador1ruc1": "",
        "empleador1nombre1": "",
        "empleador1direccion1": "",
        "empleador1telefono1": "",
        "empleador1descripcion1": "",
        "empleador1actividad1": "",
        "empleador1cargo1": "",
        "empleador1salario1": "",
        "empleador1ingreso1": "",
        "empleador1salida1": "",
        "empleador1provincia1": "",
        "empleador1canton1": "",
        "empleador1parroquia1": ""
      },
      "empleador_2": {
        "empleador2ruc2": "",
        "empleador2nombre2": "",
        "empleador2direccion2": "",
        "empleador2telefono2": "",
        "empleador2descripcion2": "",
        "empleador2actividad2": "",
        "empleador2cargo2": "",
        "empleador2salario2": "",
        "empleador2ingreso2": "",
        "empleador2salida2": "",
        "empleador2provincia2": "",
        "empleador2canton2": "",
        "empleador2parroquia2": ""
      },
      "cantidad_cargas": {
        "cargas": "2"
      },
      "medios": {
        "direccion_medio": "AV. MACHALA Y CALLE 5 ESQUINA",
        "telefono_medio": "052345678",
        "celular_medio": "0998765432",
        "email_medio": " ",
        "provincia_medio": "GUAYAS",
        "canton_medio": "GUAYAQUIL",
        "parroquia_medio": "URDANETA"
      },
      "medios_2": {
        "direccion_medio": "",
        "telefono_medio": "",
        "celular_medio": "",
        "email_medio": "",
        "provincia_medio": "",
        "canton_medio": "",
        "parroquia_medio": ""
      }
    },
    {
      "socio_demografico": {
        "nut": "1850582055",
        "nombre": "PACARI QUINATOA CHRISTIAN JOEL",
        "sexo": "1",
        "fecha_1": "01/14/2003",
        "nacionalidad": "239",
        "civil": "1",
        "fecha_2": " ",
        "fecha_3": " ",
        "profesion": "B49"
      },
      "datos_en_relacion_dependencia": {
        "ruc1": " ",
        "nombre1": " ",
        "direccion1": " ",
        "telefono1": " ",
        "descripcion1": " ",
        "actividad1": " ",
        "provincia1": " ",
        "canton1": " ",
        "parroquia1": " ",
        "rango1": "0",
        "rango2": "0",
        "rango3": "0",
        "rango4": "0",
        "fecha_4": " ",
        "fecha_5": " ",
        "ocupacion": " "
      },
      "datos_relacion_independencia": {
        "RUC": " ",
        "RAZON": " ",
        "FANTASIA": " ",
        "INICIO": " ",
        "CANCELACION": " ",
        "SUSPENSION": " ",
        "REINICIO": " ",
        "DIRECCION_RUC": " ",
        "TELEFONORUC": " ",
        "REFERENCIA": " ",
        "ACTIVIDAD_RUC": " ",
        "PROVINCIA_RUC": " ",
        "CANTON_RUC": " ",
        "PARROQUIA_RUC": " "
      },
      "medioscontacto": {
        "medio1": "0981261015",
        "medio2": " ",
        "medio3": " ",
        "medio4": " ",
        "medio5": " ",
        "medio6": " ",
        "DIRECCION_ADICIONAL": " ",
        "TELEFONO_ADICIONAL": " ",
        "PROVINCIA_ADICIONAL": "99",
        "CANTON_ADICIONAL": "9999",
        "PARROQUIA_ADICIONAL": "999999",
        "EMAIL1": " ",
        "EMAIL2": " "
      },
      "empleador_1": {
        "empleador1ruc1": "",
        "empleador1nombre1": "",
        "empleador1direccion1": "",
        "empleador1telefono1": "",
        "empleador1descripcion1": "",
        "empleador1actividad1": "",
        "empleador1cargo1": "",
        "empleador1salario1": "",
        "empleador1ingreso1": "",
        "empleador1salida1": "",
        "empleador1provincia1": "",
        "empleador1canton1": "",
        "empleador1parroquia1": ""
      },
      "empleador_2": {
        "empleador2ruc2": "",
        "empleador2nombre2": "",
        "empleador2direccion2": "",
        "empleador2telefono2": "",
        "empleador2descripcion2": "",
        "empleador2actividad2": "",
        "empleador2cargo2": "",
        "empleador2salario2": "",
        "empleador2ingreso2": "",
        "empleador2salida2": "",
        "empleador2provincia2": "",
        "empleador2canton2": "",
        "empleador2parroquia2": ""
      },
      "cantidad_cargas": {
        "cargas": ""
      },
      "medios": {
        "direccion_medio": "",
        "telefono_medio": "",
        "celular_medio": "",
        "email_medio": "",
        "provincia_medio": "",
        "canton_medio": "",
        "parroquia_medio": ""
      },
      "medios_2": {
        "direccion_medio": "",
        "telefono_medio": "",
        "celular_medio": "",
        "email_medio": "",
        "provincia_medio": "",
        "canton_medio": "",
        "parroquia_medio": ""
      }
    },
    {
      "socio_demografico": {
        "nut": "1851000131",
        "nombre": "BALTAZAR YUCAILLA CRISTOFER VINICIO",
        "sexo": "1",
        "fecha_1": "08/05/2000",
        "nacionalidad": "239",
        "civil": "1",
        "fecha_2": " ",
        "fecha_3": " ",
        "profesion": "B25"
      },
      "datos_en_relacion_dependencia": {
        "ruc1": "1891721796001",
        "nombre1": "COOPERATIVA DE AHORRO Y CREDITO ACCION TUNGURAHUA LTDA.",
        "direccion1": "LA MATRIZ. MONTALVO 07-98 AV. 12 DE NOVIEMBRE. 07-94. AV. 12 DE NOVIEM",
        "telefono1": "032829799",
        "descripcion1": "27-COOPERA  NO CONTROLADAS POR LA SUPERI",
        "actividad1": "27-COOPERA  NO CONTROLADAS POR LA SUPERI",
        "provincia1": "18",
        "canton1": "1801",
        "parroquia1": "180107",
        "rango1": "489",
        "rango2": "514",
        "rango3": "489",
        "rango4": "514",
        "fecha_4": "03/01/2024",
        "fecha_5": " ",
        "ocupacion": "OPERADOR DE TECNOLOGIAS"
      },
      "datos_relacion_independencia": {
        "RUC": " ",
        "RAZON": " ",
        "FANTASIA": " ",
        "INICIO": " ",
        "CANCELACION": " ",
        "SUSPENSION": " ",
        "REINICIO": " ",
        "DIRECCION_RUC": " ",
        "TELEFONORUC": " ",
        "REFERENCIA": " ",
        "ACTIVIDAD_RUC": " ",
        "PROVINCIA_RUC": " ",
        "CANTON_RUC": " ",
        "PARROQUIA_RUC": " "
      },
      "medioscontacto": {
        "medio1": "0998809348",
        "medio2": " ",
        "medio3": " ",
        "medio4": " ",
        "medio5": " ",
        "medio6": " ",
        "DIRECCION_ADICIONAL": " ",
        "TELEFONO_ADICIONAL": " ",
        "PROVINCIA_ADICIONAL": "99",
        "CANTON_ADICIONAL": "9999",
        "PARROQUIA_ADICIONAL": "999999",
        "EMAIL1": "cristofer.baltazar@unach.edu.ec",
        "EMAIL2": "cristoferbaltazar38@gmail.com"
      },
      "empleador_1": {
        "empleador1ruc1": "",
        "empleador1nombre1": "",
        "empleador1direccion1": "",
        "empleador1telefono1": "",
        "empleador1descripcion1": "",
        "empleador1actividad1": "",
        "empleador1cargo1": "",
        "empleador1salario1": "",
        "empleador1ingreso1": "",
        "empleador1salida1": "",
        "empleador1provincia1": "",
        "empleador1canton1": "",
        "empleador1parroquia1": ""
      },
      "empleador_2": {
        "empleador2ruc2": "",
        "empleador2nombre2": "",
        "empleador2direccion2": "",
        "empleador2telefono2": "",
        "empleador2descripcion2": "",
        "empleador2actividad2": "",
        "empleador2cargo2": "",
        "empleador2salario2": "",
        "empleador2ingreso2": "",
        "empleador2salida2": "",
        "empleador2provincia2": "",
        "empleador2canton2": "",
        "empleador2parroquia2": ""
      },
      "cantidad_cargas": {
        "cargas": ""
      },
      "medios": {
        "direccion_medio": "",
        "telefono_medio": "",
        "celular_medio": "",
        "email_medio": "",
        "provincia_medio": "",
        "canton_medio": "",
        "parroquia_medio": ""
      },
      "medios_2": {
        "direccion_medio": "",
        "telefono_medio": "",
        "celular_medio": "",
        "email_medio": "",
        "provincia_medio": "",
        "canton_medio": "",
        "parroquia_medio": ""
      }
    },
    {
      "socio_demografico": {
        "nut": "1850888411",
        "nombre": "PANDI QUINATOA WILLIAN DANILO",
        "sexo": "1",
        "fecha_1": "08/15/2000",
        "nacionalidad": "239",
        "civil": "1",
        "fecha_2": " ",
        "fecha_3": " ",
        "profesion": "B49"
      },
      "datos_en_relacion_dependencia": {
        "ruc1": "1891721796001",
        "nombre1": "COOPERATIVA DE AHORRO Y CREDITO ACCION TUNGURAHUA LTDA.",
        "direccion1": "LA MATRIZ. MONTALVO 07-98 AV. 12 DE NOVIEMBRE. 07-94. AV. 12 DE NOVIEM",
        "telefono1": "032829799",
        "descripcion1": "27-COOPERA  NO CONTROLADAS POR LA SUPERI",
        "actividad1": "27-COOPERA  NO CONTROLADAS POR LA SUPERI",
        "provincia1": "18",
        "canton1": "1801",
        "parroquia1": "180107",
        "rango1": "489",
        "rango2": "514",
        "rango3": "489",
        "rango4": "514",
        "fecha_4": "07/01/2024",
        "fecha_5": " ",
        "ocupacion": "OPERADOR DE TECNOLOGIAS"
      },
      "datos_relacion_independencia": {
        "RUC": " ",
        "RAZON": " ",
        "FANTASIA": " ",
        "INICIO": " ",
        "CANCELACION": " ",
        "SUSPENSION": " ",
        "REINICIO": " ",
        "DIRECCION_RUC": " ",
        "TELEFONORUC": " ",
        "REFERENCIA": " ",
        "ACTIVIDAD_RUC": " ",
        "PROVINCIA_RUC": " ",
        "CANTON_RUC": " ",
        "PARROQUIA_RUC": " "
      },
      "medioscontacto": {
        "medio1": "0986040192",
        "medio2": " ",
        "medio3": " ",
        "medio4": " ",
        "medio5": " ",
        "medio6": " ",
        "DIRECCION_ADICIONAL": " ",
        "TELEFONO_ADICIONAL": " ",
        "PROVINCIA_ADICIONAL": "99",
        "CANTON_ADICIONAL": "9999",
        "PARROQUIA_ADICIONAL": "999999",
        "EMAIL1": "willian.pandi@unach.edu.ec",
        "EMAIL2": " "
      },
      "empleador_1": {
        "empleador1ruc1": "",
        "empleador1nombre1": "",
        "empleador1direccion1": "",
        "empleador1telefono1": "",
        "empleador1descripcion1": "",
        "empleador1actividad1": "",
        "empleador1cargo1": "",
        "empleador1salario1": "",
        "empleador1ingreso1": "",
        "empleador1salida1": "",
        "empleador1provincia1": "",
        "empleador1canton1": "",
        "empleador1parroquia1": ""
      },
      "empleador_2": {
        "empleador2ruc2": "",
        "empleador2nombre2": "",
        "empleador2direccion2": "",
        "empleador2telefono2": "",
        "empleador2descripcion2": "",
        "empleador2actividad2": "",
        "empleador2cargo2": "",
        "empleador2salario2": "",
        "empleador2ingreso2": "",
        "empleador2salida2": "",
        "empleador2provincia2": "",
        "empleador2canton2": "",
        "empleador2parroquia2": ""
      },
      "cantidad_cargas": {
        "cargas": ""
      },
      "medios": {
        "direccion_medio": "",
        "telefono_medio": "",
        "celular_medio": "",
        "email_medio": "",
        "provincia_medio": "",
        "canton_medio": "",
        "parroquia_medio": ""
      },
      "medios_2": {
        "direccion_medio": "",
        "telefono_medio": "",
        "celular_medio": "",
        "email_medio": "",
        "provincia_medio": "",
        "canton_medio": "",
        "parroquia_medio": ""
      }
    },
    {
      "socio_demografico": {
        "nut": "1713304325",
        "nombre": "FLORES ACOSTA LUIS ALBERTO",
        "sexo": "1",
        "fecha_1": "04/09/1980",
        "nacionalidad": "239",
        "civil": "2",
        "fecha_2": "09/19/2003",
        "fecha_3": " ",
        "profesion": "I28"
      },
      "datos_en_relacion_dependencia": {
        "ruc1": "1891721796001",
        "nombre1": "COOPERATIVA DE AHORRO Y CREDITO ACCION TUNGURAHUA LTDA.",
        "direccion1": "LA MATRIZ. MONTALVO 07-98 AV. 12 DE NOVIEMBRE. 07-94. AV. 12 DE NOVIEM",
        "telefono1": "032829799",
        "descripcion1": "27-COOPERA  NO CONTROLADAS POR LA SUPERI",
        "actividad1": "27-COOPERA  NO CONTROLADAS POR LA SUPERI",
        "provincia1": "18",
        "canton1": "1801",
        "parroquia1": "180107",
        "rango1": "685",
        "rango2": "719",
        "rango3": "685",
        "rango4": "719",
        "fecha_4": "01/01/2022",
        "fecha_5": " ",
        "ocupacion": "JEFE ADMINISTRATIVO"
      },
      "datos_relacion_independencia": {
        "RUC": "1713304325001",
        "RAZON": "FLORES ACOSTA LUIS ALBERTO",
        "FANTASIA": "IMS CONSULTING",
        "INICIO": "03/27/2002",
        "CANCELACION": " ",
        "SUSPENSION": " ",
        "REINICIO": "12/13/2019",
        "DIRECCION_RUC": "AV MARISCAL SUCRE 259 Y 59 Y LA CONCORDIA CASA 2 PISOS COLOR VERDE - AVENIDA MAR",
        "TELEFONORUC": "0999780513",
        "REFERENCIA": "A CUATRO CUADRAS DEL TERMINAL QUITUMBE",
        "ACTIVIDAD_RUC": "P85210101",
        "PROVINCIA_RUC": "17",
        "CANTON_RUC": "1701",
        "PARROQUIA_RUC": "170118"
      },
      "medioscontacto": {
        "medio1": "0989016094",
        "medio2": "0983253184",
        "medio3": "0995690914",
        "medio4": "0999780513",
        "medio5": "022620704",
        "medio6": "023042659",
        "DIRECCION_ADICIONAL": "CDLA. IBARRA PASAJE A73",
        "TELEFONO_ADICIONAL": "022620704",
        "PROVINCIA_ADICIONAL": "17",
        "CANTON_ADICIONAL": "1701",
        "PARROQUIA_ADICIONAL": "170105",
        "EMAIL1": "lflores.ims@outlook.com",
        "EMAIL2": "lfloresacosta@hotmail.com"
      },
      "empleador_1": {
        "empleador1ruc1": "1790892670001",
        "empleador1nombre1": "COOPERATIVA DE AHORRO Y CREDITO PEDRO MONCAYO LTDA.",
        "empleador1direccion1": "BARRIO BOLIVAR. BOLIVAR . 373. ALFREDO BOADA. FRENTE 23 DE JULIO.  1P",
        "empleador1telefono1": "022366004",
        "empleador1descripcion1": "PEDRO MONCAYO",
        "empleador1actividad1": "AHORRO Y CREDITO",
        "empleador1cargo1": "COORDINADOR / AFINES",
        "empleador1salario1": "1078",
        "empleador1ingreso1": "10/10/2016",
        "empleador1salida1": "08/02/2019",
        "empleador1provincia1": "17",
        "empleador1canton1": "1704",
        "empleador1parroquia1": "170450"
      },
      "empleador_2": {
        "empleador2ruc2": "1792623855001",
        "empleador2nombre2": "ALMAGLASS CIA LTDA",
        "empleador2direccion2": "6 ESQUINAS. AV. ILALO. E131. LEONIDAS PLAZA. DIAGONAL A GASOLINE.",
        "empleador2telefono2": "0983253184",
        "empleador2descripcion2": "ALMAGLASS CIA LTDA",
        "empleador2actividad2": "VENTA AL POR MAYOR DE VIDRIO PLANO Y ESPEJOS.",
        "empleador2cargo2": "ANALISTA DE ADMINISTRACION",
        "empleador2salario2": "378",
        "empleador2ingreso2": "11/01/2015",
        "empleador2salida2": "01/16/2016",
        "empleador2provincia2": "17",
        "empleador2canton2": "1701",
        "empleador2parroquia2": "170156"
      },
      "cantidad_cargas": {
        "cargas": "3"
      },
      "medios": {
        "direccion_medio": "S39B  S39-73 OE5F LA FLORIDA",
        "telefono_medio": "022620704",
        "celular_medio": "0989016094",
        "email_medio": " ",
        "provincia_medio": "PICHINCHA",
        "canton_medio": "DISTRITO METROPOLITANO QUITO",
        "parroquia_medio": "CHILLOGALLO"
      },
      "medios_2": {
        "direccion_medio": "",
        "telefono_medio": "",
        "celular_medio": "",
        "email_medio": "",
        "provincia_medio": "",
        "canton_medio": "",
        "parroquia_medio": ""
      }
    }
  ]
}