[
  {
    "registros": {
      "socio_demografico": {
        "nut": "1850582055",
        "nombre": "PACARI QUINATOA CHRISTIAN JOEL",
        "sexo": "1",
        "fecha_1": "01/14/2003",
        "nacionalidad": "239",
        "civil": "1",
        "fecha_2": " ",
        "fecha_3": " ",
        "profesion": "B49"
      },
      "datos_en_relacion_dependencia": {
        "ruc1": " ",
        "nombre1": " ",
        "direccion1": " ",
        "telefono1": " ",
        "descripcion1": " ",
        "actividad1": " ",
        "provincia1": " ",
        "canton1": " ",
        "parroquia1": " ",
        "rango1": "0",
        "rango2": "0",
        "rango3": "0",
        "rango4": "0",
        "fecha_4": " ",
        "fecha_5": " ",
        "ocupacion": " "
      },
      "datos_relacion_independencia": {
        "RUC": " ",
        "RAZON": " ",
        "FANTASIA": " ",
        "INICIO": " ",
        "CANCELACION": " ",
        "SUSPENSION": " ",
        "REINICIO": " ",
        "DIRECCION_RUC": " ",
        "TELEFONORUC": " ",
        "REFERENCIA": " ",
        "ACTIVIDAD_RUC": " ",
        "PROVINCIA_RUC": " ",
        "CANTON_RUC": " ",
        "PARROQUIA_RUC": " "
      },
      "medioscontacto": {
        "medio1": "0981261015",
        "medio2": " ",
        "medio3": " ",
        "medio4": " ",
        "medio5": " ",
        "medio6": " ",
        "DIRECCION_ADICIONAL": " ",
        "TELEFONO_ADICIONAL": " ",
        "PROVINCIA_ADICIONAL": "99",
        "CANTON_ADICIONAL": "9999",
        "PARROQUIA_ADICIONAL": "999999",
        "EMAIL1": " ",
        "EMAIL2": " "
      },
      "empleador_1": {
        "empleador1ruc1": "",
        "empleador1nombre1": "",
        "empleador1direccion1": "",
        "empleador1telefono1": "",
        "empleador1descripcion1": "",
        "empleador1actividad1": "",
        "empleador1cargo1": "",
        "empleador1salario1": "",
        "empleador1ingreso1": "",
        "empleador1salida1": "",
        "empleador1provincia1": "",
        "empleador1canton1": "",
        "empleador1parroquia1": ""
      },
      "empleador_2": {
        "empleador2ruc2": "",
        "empleador2nombre2": "",
        "empleador2direccion2": "",
        "empleador2telefono2": "",
        "empleador2descripcion2": "",
        "empleador2actividad2": "",
        "empleador2cargo2": "",
        "empleador2salario2": "",
        "empleador2ingreso2": "",
        "empleador2salida2": "",
        "empleador2provincia2": "",
        "empleador2canton2": "",
        "empleador2parroquia2": ""
      },
      "cantidad_cargas": {
        "cargas": ""
      },
      "medios": {
        "direccion_medio": "",
        "telefono_medio": "",
        "celular_medio": "",
        "email_medio": "",
        "provincia_medio": "",
        "canton_medio": "",
        "parroquia_medio": ""
      },
      "medios_2": {
        "direccion_medio": "",
        "telefono_medio": "",
        "celular_medio": "",
        "email_medio": "",
        "provincia_medio": "",
        "canton_medio": "",
        "parroquia_medio": ""
      }
    }
  },
  {
    "registros": {
      "socio_demografico": {
        "nut": "1850582055",
        "nombre": "PACARI QUINATOA CHRISTIAN JOEL",
        "sexo": "1",
        "fecha_1": "01/14/2003",
        "nacionalidad": "239",
        "civil": "1",
        "fecha_2": " ",
        "fecha_3": " ",
        "profesion": "B49"
      },
      "datos_en_relacion_dependencia": {
        "ruc1": " ",
        "nombre1": " ",
        "direccion1": " ",
        "telefono1": " ",
        "descripcion1": " ",
        "actividad1": " ",
        "provincia1": " ",
        "canton1": " ",
        "parroquia1": " ",
        "rango1": "0",
        "rango2": "0",
        "rango3": "0",
        "rango4": "0",
        "fecha_4": " ",
        "fecha_5": " ",
        "ocupacion": " "
      },
      "datos_relacion_independencia": {
        "RUC": " ",
        "RAZON": " ",
        "FANTASIA": " ",
        "INICIO": " ",
        "CANCELACION": " ",
        "SUSPENSION": " ",
        "REINICIO": " ",
        "DIRECCION_RUC": " ",
        "TELEFONORUC": " ",
        "REFERENCIA": " ",
        "ACTIVIDAD_RUC": " ",
        "PROVINCIA_RUC": " ",
        "CANTON_RUC": " ",
        "PARROQUIA_RUC": " "
      },
      "medioscontacto": {
        "medio1": "0981261015",
        "medio2": " ",
        "medio3": " ",
        "medio4": " ",
        "medio5": " ",
        "medio6": " ",
        "DIRECCION_ADICIONAL": " ",
        "TELEFONO_ADICIONAL": " ",
        "PROVINCIA_ADICIONAL": "99",
        "CANTON_ADICIONAL": "9999",
        "PARROQUIA_ADICIONAL": "999999",
        "EMAIL1": " ",
        "EMAIL2": " "
      },
      "empleador_1": {
        "empleador1ruc1": "",
        "empleador1nombre1": "",
        "empleador1direccion1": "",
        "empleador1telefono1": "",
        "empleador1descripcion1": "",
        "empleador1actividad1": "",
        "empleador1cargo1": "",
        "empleador1salario1": "",
        "empleador1ingreso1": "",
        "empleador1salida1": "",
        "empleador1provincia1": "",
        "empleador1canton1": "",
        "empleador1parroquia1": ""
      },
      "empleador_2": {
        "empleador2ruc2": "",
        "empleador2nombre2": "",
        "empleador2direccion2": "",
        "empleador2telefono2": "",
        "empleador2descripcion2": "",
        "empleador2actividad2": "",
        "empleador2cargo2": "",
        "empleador2salario2": "",
        "empleador2ingreso2": "",
        "empleador2salida2": "",
        "empleador2provincia2": "",
        "empleador2canton2": "",
        "empleador2parroquia2": ""
      },
      "cantidad_cargas": {
        "cargas": ""
      },
      "medios": {
        "direccion_medio": "",
        "telefono_medio": "",
        "celular_medio": "",
        "email_medio": "",
        "provincia_medio": "",
        "canton_medio": "",
        "parroquia_medio": ""
      },
      "medios_2": {
        "direccion_medio": "",
        "telefono_medio": "",
        "celular_medio": "",
        "email_medio": "",
        "provincia_medio": "",
        "canton_medio": "",
        "parroquia_medio": ""
      }
    }
  },
  {
    "registros": {
      "socio_demografico": {
        "nut": "1850582055",
        "nombre": "PACARI QUINATOA CHRISTIAN JOEL",
        "sexo": "1",
        "fecha_1": "01/14/2003",
        "nacionalidad": "239",
        "civil": "1",
        "fecha_2": " ",
        "fecha_3": " ",
        "profesion": "B49"
      },
      "datos_en_relacion_dependencia": {
        "ruc1": " ",
        "nombre1": " ",
        "direccion1": " ",
        "telefono1": " ",
        "descripcion1": " ",
        "actividad1": " ",
        "provincia1": " ",
        "canton1": " ",
        "parroquia1": " ",
        "rango1": "0",
        "rango2": "0",
        "rango3": "0",
        "rango4": "0",
        "fecha_4": " ",
        "fecha_5": " ",
        "ocupacion": " "
      },
      "datos_relacion_independencia": {
        "RUC": " ",
        "RAZON": " ",
        "FANTASIA": " ",
        "INICIO": " ",
        "CANCELACION": " ",
        "SUSPENSION": " ",
        "REINICIO": " ",
        "DIRECCION_RUC": " ",
        "TELEFONORUC": " ",
        "REFERENCIA": " ",
        "ACTIVIDAD_RUC": " ",
        "PROVINCIA_RUC": " ",
        "CANTON_RUC": " ",
        "PARROQUIA_RUC": " "
      },
      "medioscontacto": {
        "medio1": "0981261015",
        "medio2": " ",
        "medio3": " ",
        "medio4": " ",
        "medio5": " ",
        "medio6": " ",
        "DIRECCION_ADICIONAL": " ",
        "TELEFONO_ADICIONAL": " ",
        "PROVINCIA_ADICIONAL": "99",
        "CANTON_ADICIONAL": "9999",
        "PARROQUIA_ADICIONAL": "999999",
        "EMAIL1": " ",
        "EMAIL2": " "
      },
      "empleador_1": {
        "empleador1ruc1": "",
        "empleador1nombre1": "",
        "empleador1direccion1": "",
        "empleador1telefono1": "",
        "empleador1descripcion1": "",
        "empleador1actividad1": "",
        "empleador1cargo1": "",
        "empleador1salario1": "",
        "empleador1ingreso1": "",
        "empleador1salida1": "",
        "empleador1provincia1": "",
        "empleador1canton1": "",
        "empleador1parroquia1": ""
      },
      "empleador_2": {
        "empleador2ruc2": "",
        "empleador2nombre2": "",
        "empleador2direccion2": "",
        "empleador2telefono2": "",
        "empleador2descripcion2": "",
        "empleador2actividad2": "",
        "empleador2cargo2": "",
        "empleador2salario2": "",
        "empleador2ingreso2": "",
        "empleador2salida2": "",
        "empleador2provincia2": "",
        "empleador2canton2": "",
        "empleador2parroquia2": ""
      },
      "cantidad_cargas": {
        "cargas": ""
      },
      "medios": {
        "direccion_medio": "",
        "telefono_medio": "",
        "celular_medio": "",
        "email_medio": "",
        "provincia_medio": "",
        "canton_medio": "",
        "parroquia_medio": ""
      },
      "medios_2": {
        "direccion_medio": "",
        "telefono_medio": "",
        "celular_medio": "",
        "email_medio": "",
        "provincia_medio": "",
        "canton_medio": "",
        "parroquia_medio": ""
      }
    }
  },
  {
    "registros": {
      "socio_demografico": {
        "nut": "1850582055",
        "nombre": "PACARI QUINATOA CHRISTIAN JOEL",
        "sexo": "1",
        "fecha_1": "01/14/2003",
        "nacionalidad": "239",
        "civil": "1",
        "fecha_2": " ",
        "fecha_3": " ",
        "profesion": "B49"
      },
      "datos_en_relacion_dependencia": {
        "ruc1": " ",
        "nombre1": " ",
        "direccion1": " ",
        "telefono1": " ",
        "descripcion1": " ",
        "actividad1": " ",
        "provincia1": " ",
        "canton1": " ",
        "parroquia1": " ",
        "rango1": "0",
        "rango2": "0",
        "rango3": "0",
        "rango4": "0",
        "fecha_4": " ",
        "fecha_5": " ",
        "ocupacion": " "
      },
      "datos_relacion_independencia": {
        "RUC": " ",
        "RAZON": " ",
        "FANTASIA": " ",
        "INICIO": " ",
        "CANCELACION": " ",
        "SUSPENSION": " ",
        "REINICIO": " ",
        "DIRECCION_RUC": " ",
        "TELEFONORUC": " ",
        "REFERENCIA": " ",
        "ACTIVIDAD_RUC": " ",
        "PROVINCIA_RUC": " ",
        "CANTON_RUC": " ",
        "PARROQUIA_RUC": " "
      },
      "medioscontacto": {
        "medio1": "0981261015",
        "medio2": " ",
        "medio3": " ",
        "medio4": " ",
        "medio5": " ",
        "medio6": " ",
        "DIRECCION_ADICIONAL": " ",
        "TELEFONO_ADICIONAL": " ",
        "PROVINCIA_ADICIONAL": "99",
        "CANTON_ADICIONAL": "9999",
        "PARROQUIA_ADICIONAL": "999999",
        "EMAIL1": " ",
        "EMAIL2": " "
      },
      "empleador_1": {
        "empleador1ruc1": "",
        "empleador1nombre1": "",
        "empleador1direccion1": "",
        "empleador1telefono1": "",
        "empleador1descripcion1": "",
        "empleador1actividad1": "",
        "empleador1cargo1": "",
        "empleador1salario1": "",
        "empleador1ingreso1": "",
        "empleador1salida1": "",
        "empleador1provincia1": "",
        "empleador1canton1": "",
        "empleador1parroquia1": ""
      },
      "empleador_2": {
        "empleador2ruc2": "",
        "empleador2nombre2": "",
        "empleador2direccion2": "",
        "empleador2telefono2": "",
        "empleador2descripcion2": "",
        "empleador2actividad2": "",
        "empleador2cargo2": "",
        "empleador2salario2": "",
        "empleador2ingreso2": "",
        "empleador2salida2": "",
        "empleador2provincia2": "",
        "empleador2canton2": "",
        "empleador2parroquia2": ""
      },
      "cantidad_cargas": {
        "cargas": ""
      },
      "medios": {
        "direccion_medio": "",
        "telefono_medio": "",
        "celular_medio": "",
        "email_medio": "",
        "provincia_medio": "",
        "canton_medio": "",
        "parroquia_medio": ""
      },
      "medios_2": {
        "direccion_medio": "",
        "telefono_medio": "",
        "celular_medio": "",
        "email_medio": "",
        "provincia_medio": "",
        "canton_medio": "",
        "parroquia_medio": ""
      }
    }
  },
  {
    "registros": {
      "socio_demografico": {
        "nut": "1850582055",
        "nombre": "PACARI QUINATOA CHRISTIAN JOEL",
        "sexo": "1",
        "fecha_1": "01/14/2003",
        "nacionalidad": "239",
        "civil": "1",
        "fecha_2": " ",
        "fecha_3": " ",
        "profesion": "B49"
      },
      "datos_en_relacion_dependencia": {
        "ruc1": " ",
        "nombre1": " ",
        "direccion1": " ",
        "telefono1": " ",
        "descripcion1": " ",
        "actividad1": " ",
        "provincia1": " ",
        "canton1": " ",
        "parroquia1": " ",
        "rango1": "0",
        "rango2": "0",
        "rango3": "0",
        "rango4": "0",
        "fecha_4": " ",
        "fecha_5": " ",
        "ocupacion": " "
      },
      "datos_relacion_independencia": {
        "RUC": " ",
        "RAZON": " ",
        "FANTASIA": " ",
        "INICIO": " ",
        "CANCELACION": " ",
        "SUSPENSION": " ",
        "REINICIO": " ",
        "DIRECCION_RUC": " ",
        "TELEFONORUC": " ",
        "REFERENCIA": " ",
        "ACTIVIDAD_RUC": " ",
        "PROVINCIA_RUC": " ",
        "CANTON_RUC": " ",
        "PARROQUIA_RUC": " "
      },
      "medioscontacto": {
        "medio1": "0981261015",
        "medio2": " ",
        "medio3": " ",
        "medio4": " ",
        "medio5": " ",
        "medio6": " ",
        "DIRECCION_ADICIONAL": " ",
        "TELEFONO_ADICIONAL": " ",
        "PROVINCIA_ADICIONAL": "99",
        "CANTON_ADICIONAL": "9999",
        "PARROQUIA_ADICIONAL": "999999",
        "EMAIL1": " ",
        "EMAIL2": " "
      },
      "empleador_1": {
        "empleador1ruc1": "",
        "empleador1nombre1": "",
        "empleador1direccion1": "",
        "empleador1telefono1": "",
        "empleador1descripcion1": "",
        "empleador1actividad1": "",
        "empleador1cargo1": "",
        "empleador1salario1": "",
        "empleador1ingreso1": "",
        "empleador1salida1": "",
        "empleador1provincia1": "",
        "empleador1canton1": "",
        "empleador1parroquia1": ""
      },
      "empleador_2": {
        "empleador2ruc2": "",
        "empleador2nombre2": "",
        "empleador2direccion2": "",
        "empleador2telefono2": "",
        "empleador2descripcion2": "",
        "empleador2actividad2": "",
        "empleador2cargo2": "",
        "empleador2salario2": "",
        "empleador2ingreso2": "",
        "empleador2salida2": "",
        "empleador2provincia2": "",
        "empleador2canton2": "",
        "empleador2parroquia2": ""
      },
      "cantidad_cargas": {
        "cargas": ""
      },
      "medios": {
        "direccion_medio": "",
        "telefono_medio": "",
        "celular_medio": "",
        "email_medio": "",
        "provincia_medio": "",
        "canton_medio": "",
        "parroquia_medio": ""
      },
      "medios_2": {
        "direccion_medio": "",
        "telefono_medio": "",
        "celular_medio": "",
        "email_medio": "",
        "provincia_medio": "",
        "canton_medio": "",
        "parroquia_medio": ""
      }
    }
  },
  {
    "registros": {
      "socio_demografico": {
        "nut": "1850582055",
        "nombre": "PACARI QUINATOA CHRISTIAN JOEL",
        "sexo": "1",
        "fecha_1": "01/14/2003",
        "nacionalidad": "239",
        "civil": "1",
        "fecha_2": " ",
        "fecha_3": " ",
        "profesion": "B49"
      },
      "datos_en_relacion_dependencia": {
        "ruc1": " ",
        "nombre1": " ",
        "direccion1": " ",
        "telefono1": " ",
        "descripcion1": " ",
        "actividad1": " ",
        "provincia1": " ",
        "canton1": " ",
        "parroquia1": " ",
        "rango1": "0",
        "rango2": "0",
        "rango3": "0",
        "rango4": "0",
        "fecha_4": " ",
        "fecha_5": " ",
        "ocupacion": " "
      },
      "datos_relacion_independencia": {
        "RUC": " ",
        "RAZON": " ",
        "FANTASIA": " ",
        "INICIO": " ",
        "CANCELACION": " ",
        "SUSPENSION": " ",
        "REINICIO": " ",
        "DIRECCION_RUC": " ",
        "TELEFONORUC": " ",
        "REFERENCIA": " ",
        "ACTIVIDAD_RUC": " ",
        "PROVINCIA_RUC": " ",
        "CANTON_RUC": " ",
        "PARROQUIA_RUC": " "
      },
      "medioscontacto": {
        "medio1": "0981261015",
        "medio2": " ",
        "medio3": " ",
        "medio4": " ",
        "medio5": " ",
        "medio6": " ",
        "DIRECCION_ADICIONAL": " ",
        "TELEFONO_ADICIONAL": " ",
        "PROVINCIA_ADICIONAL": "99",
        "CANTON_ADICIONAL": "9999",
        "PARROQUIA_ADICIONAL": "999999",
        "EMAIL1": " ",
        "EMAIL2": " "
      },
      "empleador_1": {
        "empleador1ruc1": "",
        "empleador1nombre1": "",
        "empleador1direccion1": "",
        "empleador1telefono1": "",
        "empleador1descripcion1": "",
        "empleador1actividad1": "",
        "empleador1cargo1": "",
        "empleador1salario1": "",
        "empleador1ingreso1": "",
        "empleador1salida1": "",
        "empleador1provincia1": "",
        "empleador1canton1": "",
        "empleador1parroquia1": ""
      },
      "empleador_2": {
        "empleador2ruc2": "",
        "empleador2nombre2": "",
        "empleador2direccion2": "",
        "empleador2telefono2": "",
        "empleador2descripcion2": "",
        "empleador2actividad2": "",
        "empleador2cargo2": "",
        "empleador2salario2": "",
        "empleador2ingreso2": "",
        "empleador2salida2": "",
        "empleador2provincia2": "",
        "empleador2canton2": "",
        "empleador2parroquia2": ""
      },
      "cantidad_cargas": {
        "cargas": ""
      },
      "medios": {
        "direccion_medio": "",
        "telefono_medio": "",
        "celular_medio": "",
        "email_medio": "",
        "provincia_medio": "",
        "canton_medio": "",
        "parroquia_medio": ""
      },
      "medios_2": {
        "direccion_medio": "",
        "telefono_medio": "",
        "celular_medio": "",
        "email_medio": "",
        "provincia_medio": "",
        "canton_medio": "",
        "parroquia_medio": ""
      }
    }
  },
  {
    "registros": {
      "socio_demografico": {
        "nut": "1850582055",
        "nombre": "PACARI QUINATOA CHRISTIAN JOEL",
        "sexo": "1",
        "fecha_1": "01/14/2003",
        "nacionalidad": "239",
        "civil": "1",
        "fecha_2": " ",
        "fecha_3": " ",
        "profesion": "B49"
      },
      "datos_en_relacion_dependencia": {
        "ruc1": " ",
        "nombre1": " ",
        "direccion1": " ",
        "telefono1": " ",
        "descripcion1": " ",
        "actividad1": " ",
        "provincia1": " ",
        "canton1": " ",
        "parroquia1": " ",
        "rango1": "0",
        "rango2": "0",
        "rango3": "0",
        "rango4": "0",
        "fecha_4": " ",
        "fecha_5": " ",
        "ocupacion": " "
      },
      "datos_relacion_independencia": {
        "RUC": " ",
        "RAZON": " ",
        "FANTASIA": " ",
        "INICIO": " ",
        "CANCELACION": " ",
        "SUSPENSION": " ",
        "REINICIO": " ",
        "DIRECCION_RUC": " ",
        "TELEFONORUC": " ",
        "REFERENCIA": " ",
        "ACTIVIDAD_RUC": " ",
        "PROVINCIA_RUC": " ",
        "CANTON_RUC": " ",
        "PARROQUIA_RUC": " "
      },
      "medioscontacto": {
        "medio1": "0981261015",
        "medio2": " ",
        "medio3": " ",
        "medio4": " ",
        "medio5": " ",
        "medio6": " ",
        "DIRECCION_ADICIONAL": " ",
        "TELEFONO_ADICIONAL": " ",
        "PROVINCIA_ADICIONAL": "99",
        "CANTON_ADICIONAL": "9999",
        "PARROQUIA_ADICIONAL": "999999",
        "EMAIL1": " ",
        "EMAIL2": " "
      },
      "empleador_1": {
        "empleador1ruc1": "",
        "empleador1nombre1": "",
        "empleador1direccion1": "",
        "empleador1telefono1": "",
        "empleador1descripcion1": "",
        "empleador1actividad1": "",
        "empleador1cargo1": "",
        "empleador1salario1": "",
        "empleador1ingreso1": "",
        "empleador1salida1": "",
        "empleador1provincia1": "",
        "empleador1canton1": "",
        "empleador1parroquia1": ""
      },
      "empleador_2": {
        "empleador2ruc2": "",
        "empleador2nombre2": "",
        "empleador2direccion2": "",
        "empleador2telefono2": "",
        "empleador2descripcion2": "",
        "empleador2actividad2": "",
        "empleador2cargo2": "",
        "empleador2salario2": "",
        "empleador2ingreso2": "",
        "empleador2salida2": "",
        "empleador2provincia2": "",
        "empleador2canton2": "",
        "empleador2parroquia2": ""
      },
      "cantidad_cargas": {
        "cargas": ""
      },
      "medios": {
        "direccion_medio": "",
        "telefono_medio": "",
        "celular_medio": "",
        "email_medio": "",
        "provincia_medio": "",
        "canton_medio": "",
        "parroquia_medio": ""
      },
      "medios_2": {
        "direccion_medio": "",
        "telefono_medio": "",
        "celular_medio": "",
        "email_medio": "",
        "provincia_medio": "",
        "canton_medio": "",
        "parroquia_medio": ""
      }
    }
  },
  {
    "registros": {
      "socio_demografico": {
        "nut": "1850582055",
        "nombre": "PACARI QUINATOA CHRISTIAN JOEL",
        "sexo": "1",
        "fecha_1": "01/14/2003",
        "nacionalidad": "239",
        "civil": "1",
        "fecha_2": " ",
        "fecha_3": " ",
        "profesion": "B49"
      },
      "datos_en_relacion_dependencia": {
        "ruc1": " ",
        "nombre1": " ",
        "direccion1": " ",
        "telefono1": " ",
        "descripcion1": " ",
        "actividad1": " ",
        "provincia1": " ",
        "canton1": " ",
        "parroquia1": " ",
        "rango1": "0",
        "rango2": "0",
        "rango3": "0",
        "rango4": "0",
        "fecha_4": " ",
        "fecha_5": " ",
        "ocupacion": " "
      },
      "datos_relacion_independencia": {
        "RUC": " ",
        "RAZON": " ",
        "FANTASIA": " ",
        "INICIO": " ",
        "CANCELACION": " ",
        "SUSPENSION": " ",
        "REINICIO": " ",
        "DIRECCION_RUC": " ",
        "TELEFONORUC": " ",
        "REFERENCIA": " ",
        "ACTIVIDAD_RUC": " ",
        "PROVINCIA_RUC": " ",
        "CANTON_RUC": " ",
        "PARROQUIA_RUC": " "
      },
      "medioscontacto": {
        "medio1": "0981261015",
        "medio2": " ",
        "medio3": " ",
        "medio4": " ",
        "medio5": " ",
        "medio6": " ",
        "DIRECCION_ADICIONAL": " ",
        "TELEFONO_ADICIONAL": " ",
        "PROVINCIA_ADICIONAL": "99",
        "CANTON_ADICIONAL": "9999",
        "PARROQUIA_ADICIONAL": "999999",
        "EMAIL1": " ",
        "EMAIL2": " "
      },
      "empleador_1": {
        "empleador1ruc1": "",
        "empleador1nombre1": "",
        "empleador1direccion1": "",
        "empleador1telefono1": "",
        "empleador1descripcion1": "",
        "empleador1actividad1": "",
        "empleador1cargo1": "",
        "empleador1salario1": "",
        "empleador1ingreso1": "",
        "empleador1salida1": "",
        "empleador1provincia1": "",
        "empleador1canton1": "",
        "empleador1parroquia1": ""
      },
      "empleador_2": {
        "empleador2ruc2": "",
        "empleador2nombre2": "",
        "empleador2direccion2": "",
        "empleador2telefono2": "",
        "empleador2descripcion2": "",
        "empleador2actividad2": "",
        "empleador2cargo2": "",
        "empleador2salario2": "",
        "empleador2ingreso2": "",
        "empleador2salida2": "",
        "empleador2provincia2": "",
        "empleador2canton2": "",
        "empleador2parroquia2": ""
      },
      "cantidad_cargas": {
        "cargas": ""
      },
      "medios": {
        "direccion_medio": "",
        "telefono_medio": "",
        "celular_medio": "",
        "email_medio": "",
        "provincia_medio": "",
        "canton_medio": "",
        "parroquia_medio": ""
      },
      "medios_2": {
        "direccion_medio": "",
        "telefono_medio": "",
        "celular_medio": "",
        "email_medio": "",
        "provincia_medio": "",
        "canton_medio": "",
        "parroquia_medio": ""
      }
    }
  },
  {
    "registros": {
      "socio_demografico": {
        "nut": "1850582055",
        "nombre": "PACARI QUINATOA CHRISTIAN JOEL",
        "sexo": "1",
        "fecha_1": "01/14/2003",
        "nacionalidad": "239",
        "civil": "1",
        "fecha_2": " ",
        "fecha_3": " ",
        "profesion": "B49"
      },
      "datos_en_relacion_dependencia": {
        "ruc1": " ",
        "nombre1": " ",
        "direccion1": " ",
        "telefono1": " ",
        "descripcion1": " ",
        "actividad1": " ",
        "provincia1": " ",
        "canton1": " ",
        "parroquia1": " ",
        "rango1": "0",
        "rango2": "0",
        "rango3": "0",
        "rango4": "0",
        "fecha_4": " ",
        "fecha_5": " ",
        "ocupacion": " "
      },
      "datos_relacion_independencia": {
        "RUC": " ",
        "RAZON": " ",
        "FANTASIA": " ",
        "INICIO": " ",
        "CANCELACION": " ",
        "SUSPENSION": " ",
        "REINICIO": " ",
        "DIRECCION_RUC": " ",
        "TELEFONORUC": " ",
        "REFERENCIA": " ",
        "ACTIVIDAD_RUC": " ",
        "PROVINCIA_RUC": " ",
        "CANTON_RUC": " ",
        "PARROQUIA_RUC": " "
      },
      "medioscontacto": {
        "medio1": "0981261015",
        "medio2": " ",
        "medio3": " ",
        "medio4": " ",
        "medio5": " ",
        "medio6": " ",
        "DIRECCION_ADICIONAL": " ",
        "TELEFONO_ADICIONAL": " ",
        "PROVINCIA_ADICIONAL": "99",
        "CANTON_ADICIONAL": "9999",
        "PARROQUIA_ADICIONAL": "999999",
        "EMAIL1": " ",
        "EMAIL2": " "
      },
      "empleador_1": {
        "empleador1ruc1": "",
        "empleador1nombre1": "",
        "empleador1direccion1": "",
        "empleador1telefono1": "",
        "empleador1descripcion1": "",
        "empleador1actividad1": "",
        "empleador1cargo1": "",
        "empleador1salario1": "",
        "empleador1ingreso1": "",
        "empleador1salida1": "",
        "empleador1provincia1": "",
        "empleador1canton1": "",
        "empleador1parroquia1": ""
      },
      "empleador_2": {
        "empleador2ruc2": "",
        "empleador2nombre2": "",
        "empleador2direccion2": "",
        "empleador2telefono2": "",
        "empleador2descripcion2": "",
        "empleador2actividad2": "",
        "empleador2cargo2": "",
        "empleador2salario2": "",
        "empleador2ingreso2": "",
        "empleador2salida2": "",
        "empleador2provincia2": "",
        "empleador2canton2": "",
        "empleador2parroquia2": ""
      },
      "cantidad_cargas": {
        "cargas": ""
      },
      "medios": {
        "direccion_medio": "",
        "telefono_medio": "",
        "celular_medio": "",
        "email_medio": "",
        "provincia_medio": "",
        "canton_medio": "",
        "parroquia_medio": ""
      },
      "medios_2": {
        "direccion_medio": "",
        "telefono_medio": "",
        "celular_medio": "",
        "email_medio": "",
        "provincia_medio": "",
        "canton_medio": "",
        "parroquia_medio": ""
      }
    }
  },
  {
    "registros": {
      "socio_demografico": {
        "nut": "1850582055",
        "nombre": "PACARI QUINATOA CHRISTIAN JOEL",
        "sexo": "1",
        "fecha_1": "01/14/2003",
        "nacionalidad": "239",
        "civil": "1",
        "fecha_2": " ",
        "fecha_3": " ",
        "profesion": "B49"
      },
      "datos_en_relacion_dependencia": {
        "ruc1": " ",
        "nombre1": " ",
        "direccion1": " ",
        "telefono1": " ",
        "descripcion1": " ",
        "actividad1": " ",
        "provincia1": " ",
        "canton1": " ",
        "parroquia1": " ",
        "rango1": "0",
        "rango2": "0",
        "rango3": "0",
        "rango4": "0",
        "fecha_4": " ",
        "fecha_5": " ",
        "ocupacion": " "
      },
      "datos_relacion_independencia": {
        "RUC": " ",
        "RAZON": " ",
        "FANTASIA": " ",
        "INICIO": " ",
        "CANCELACION": " ",
        "SUSPENSION": " ",
        "REINICIO": " ",
        "DIRECCION_RUC": " ",
        "TELEFONORUC": " ",
        "REFERENCIA": " ",
        "ACTIVIDAD_RUC": " ",
        "PROVINCIA_RUC": " ",
        "CANTON_RUC": " ",
        "PARROQUIA_RUC": " "
      },
      "medioscontacto": {
        "medio1": "0981261015",
        "medio2": " ",
        "medio3": " ",
        "medio4": " ",
        "medio5": " ",
        "medio6": " ",
        "DIRECCION_ADICIONAL": " ",
        "TELEFONO_ADICIONAL": " ",
        "PROVINCIA_ADICIONAL": "99",
        "CANTON_ADICIONAL": "9999",
        "PARROQUIA_ADICIONAL": "999999",
        "EMAIL1": " ",
        "EMAIL2": " "
      },
      "empleador_1": {
        "empleador1ruc1": "",
        "empleador1nombre1": "",
        "empleador1direccion1": "",
        "empleador1telefono1": "",
        "empleador1descripcion1": "",
        "empleador1actividad1": "",
        "empleador1cargo1": "",
        "empleador1salario1": "",
        "empleador1ingreso1": "",
        "empleador1salida1": "",
        "empleador1provincia1": "",
        "empleador1canton1": "",
        "empleador1parroquia1": ""
      },
      "empleador_2": {
        "empleador2ruc2": "",
        "empleador2nombre2": "",
        "empleador2direccion2": "",
        "empleador2telefono2": "",
        "empleador2descripcion2": "",
        "empleador2actividad2": "",
        "empleador2cargo2": "",
        "empleador2salario2": "",
        "empleador2ingreso2": "",
        "empleador2salida2": "",
        "empleador2provincia2": "",
        "empleador2canton2": "",
        "empleador2parroquia2": ""
      },
      "cantidad_cargas": {
        "cargas": ""
      },
      "medios": {
        "direccion_medio": "",
        "telefono_medio": "",
        "celular_medio": "",
        "email_medio": "",
        "provincia_medio": "",
        "canton_medio": "",
        "parroquia_medio": ""
      },
      "medios_2": {
        "direccion_medio": "",
        "telefono_medio": "",
        "celular_medio": "",
        "email_medio": "",
        "provincia_medio": "",
        "canton_medio": "",
        "parroquia_medio": ""
      }
    }
  },
  {
    "registros": {
      "socio_demografico": {
        "nut": "1850582055",
        "nombre": "PACARI QUINATOA CHRISTIAN JOEL",
        "sexo": "1",
        "fecha_1": "01/14/2003",
        "nacionalidad": "239",
        "civil": "1",
        "fecha_2": " ",
        "fecha_3": " ",
        "profesion": "B49"
      },
      "datos_en_relacion_dependencia": {
        "ruc1": " ",
        "nombre1": " ",
        "direccion1": " ",
        "telefono1": " ",
        "descripcion1": " ",
        "actividad1": " ",
        "provincia1": " ",
        "canton1": " ",
        "parroquia1": " ",
        "rango1": "0",
        "rango2": "0",
        "rango3": "0",
        "rango4": "0",
        "fecha_4": " ",
        "fecha_5": " ",
        "ocupacion": " "
      },
      "datos_relacion_independencia": {
        "RUC": " ",
        "RAZON": " ",
        "FANTASIA": " ",
        "INICIO": " ",
        "CANCELACION": " ",
        "SUSPENSION": " ",
        "REINICIO": " ",
        "DIRECCION_RUC": " ",
        "TELEFONORUC": " ",
        "REFERENCIA": " ",
        "ACTIVIDAD_RUC": " ",
        "PROVINCIA_RUC": " ",
        "CANTON_RUC": " ",
        "PARROQUIA_RUC": " "
      },
      "medioscontacto": {
        "medio1": "0981261015",
        "medio2": " ",
        "medio3": " ",
        "medio4": " ",
        "medio5": " ",
        "medio6": " ",
        "DIRECCION_ADICIONAL": " ",
        "TELEFONO_ADICIONAL": " ",
        "PROVINCIA_ADICIONAL": "99",
        "CANTON_ADICIONAL": "9999",
        "PARROQUIA_ADICIONAL": "999999",
        "EMAIL1": " ",
        "EMAIL2": " "
      },
      "empleador_1": {
        "empleador1ruc1": "",
        "empleador1nombre1": "",
        "empleador1direccion1": "",
        "empleador1telefono1": "",
        "empleador1descripcion1": "",
        "empleador1actividad1": "",
        "empleador1cargo1": "",
        "empleador1salario1": "",
        "empleador1ingreso1": "",
        "empleador1salida1": "",
        "empleador1provincia1": "",
        "empleador1canton1": "",
        "empleador1parroquia1": ""
      },
      "empleador_2": {
        "empleador2ruc2": "",
        "empleador2nombre2": "",
        "empleador2direccion2": "",
        "empleador2telefono2": "",
        "empleador2descripcion2": "",
        "empleador2actividad2": "",
        "empleador2cargo2": "",
        "empleador2salario2": "",
        "empleador2ingreso2": "",
        "empleador2salida2": "",
        "empleador2provincia2": "",
        "empleador2canton2": "",
        "empleador2parroquia2": ""
      },
      "cantidad_cargas": {
        "cargas": ""
      },
      "medios": {
        "direccion_medio": "",
        "telefono_medio": "",
        "celular_medio": "",
        "email_medio": "",
        "provincia_medio": "",
        "canton_medio": "",
        "parroquia_medio": ""
      },
      "medios_2": {
        "direccion_medio": "",
        "telefono_medio": "",
        "celular_medio": "",
        "email_medio": "",
        "provincia_medio": "",
        "canton_medio": "",
        "parroquia_medio": ""
      }
    }
  },
  {
    "registros": {
      "socio_demografico": {
        "nut": "1850582055",
        "nombre": "PACARI QUINATOA CHRISTIAN JOEL",
        "sexo": "1",
        "fecha_1": "01/14/2003",
        "nacionalidad": "239",
        "civil": "1",
        "fecha_2": " ",
        "fecha_3": " ",
        "profesion": "B49"
      },
      "datos_en_relacion_dependencia": {
        "ruc1": " ",
        "nombre1": " ",
        "direccion1": " ",
        "telefono1": " ",
        "descripcion1": " ",
        "actividad1": " ",
        "provincia1": " ",
        "canton1": " ",
        "parroquia1": " ",
        "rango1": "0",
        "rango2": "0",
        "rango3": "0",
        "rango4": "0",
        "fecha_4": " ",
        "fecha_5": " ",
        "ocupacion": " "
      },
      "datos_relacion_independencia": {
        "RUC": " ",
        "RAZON": " ",
        "FANTASIA": " ",
        "INICIO": " ",
        "CANCELACION": " ",
        "SUSPENSION": " ",
        "REINICIO": " ",
        "DIRECCION_RUC": " ",
        "TELEFONORUC": " ",
        "REFERENCIA": " ",
        "ACTIVIDAD_RUC": " ",
        "PROVINCIA_RUC": " ",
        "CANTON_RUC": " ",
        "PARROQUIA_RUC": " "
      },
      "medioscontacto": {
        "medio1": "0981261015",
        "medio2": " ",
        "medio3": " ",
        "medio4": " ",
        "medio5": " ",
        "medio6": " ",
        "DIRECCION_ADICIONAL": " ",
        "TELEFONO_ADICIONAL": " ",
        "PROVINCIA_ADICIONAL": "99",
        "CANTON_ADICIONAL": "9999",
        "PARROQUIA_ADICIONAL": "999999",
        "EMAIL1": " ",
        "EMAIL2": " "
      },
      "empleador_1": {
        "empleador1ruc1": "",
        "empleador1nombre1": "",
        "empleador1direccion1": "",
        "empleador1telefono1": "",
        "empleador1descripcion1": "",
        "empleador1actividad1": "",
        "empleador1cargo1": "",
        "empleador1salario1": "",
        "empleador1ingreso1": "",
        "empleador1salida1": "",
        "empleador1provincia1": "",
        "empleador1canton1": "",
        "empleador1parroquia1": ""
      },
      "empleador_2": {
        "empleador2ruc2": "",
        "empleador2nombre2": "",
        "empleador2direccion2": "",
        "empleador2telefono2": "",
        "empleador2descripcion2": "",
        "empleador2actividad2": "",
        "empleador2cargo2": "",
        "empleador2salario2": "",
        "empleador2ingreso2": "",
        "empleador2salida2": "",
        "empleador2provincia2": "",
        "empleador2canton2": "",
        "empleador2parroquia2": ""
      },
      "cantidad_cargas": {
        "cargas": ""
      },
      "medios": {
        "direccion_medio": "",
        "telefono_medio": "",
        "celular_medio": "",
        "email_medio": "",
        "provincia_medio": "",
        "canton_medio": "",
        "parroquia_medio": ""
      },
      "medios_2": {
        "direccion_medio": "",
        "telefono_medio": "",
        "celular_medio": "",
        "email_medio": "",
        "provincia_medio": "",
        "canton_medio": "",
        "parroquia_medio": ""
      }
    }
  },
  {
    "registros": {
      "socio_demografico": {
        "nut": "1850582055",
        "nombre": "PACARI QUINATOA CHRISTIAN JOEL",
        "sexo": "1",
        "fecha_1": "01/14/2003",
        "nacionalidad": "239",
        "civil": "1",
        "fecha_2": " ",
        "fecha_3": " ",
        "profesion": "B49"
      },
      "datos_en_relacion_dependencia": {
        "ruc1": " ",
        "nombre1": " ",
        "direccion1": " ",
        "telefono1": " ",
        "descripcion1": " ",
        "actividad1": " ",
        "provincia1": " ",
        "canton1": " ",
        "parroquia1": " ",
        "rango1": "0",
        "rango2": "0",
        "rango3": "0",
        "rango4": "0",
        "fecha_4": " ",
        "fecha_5": " ",
        "ocupacion": " "
      },
      "datos_relacion_independencia": {
        "RUC": " ",
        "RAZON": " ",
        "FANTASIA": " ",
        "INICIO": " ",
        "CANCELACION": " ",
        "SUSPENSION": " ",
        "REINICIO": " ",
        "DIRECCION_RUC": " ",
        "TELEFONORUC": " ",
        "REFERENCIA": " ",
        "ACTIVIDAD_RUC": " ",
        "PROVINCIA_RUC": " ",
        "CANTON_RUC": " ",
        "PARROQUIA_RUC": " "
      },
      "medioscontacto": {
        "medio1": "0981261015",
        "medio2": " ",
        "medio3": " ",
        "medio4": " ",
        "medio5": " ",
        "medio6": " ",
        "DIRECCION_ADICIONAL": " ",
        "TELEFONO_ADICIONAL": " ",
        "PROVINCIA_ADICIONAL": "99",
        "CANTON_ADICIONAL": "9999",
        "PARROQUIA_ADICIONAL": "999999",
        "EMAIL1": " ",
        "EMAIL2": " "
      },
      "empleador_1": {
        "empleador1ruc1": "",
        "empleador1nombre1": "",
        "empleador1direccion1": "",
        "empleador1telefono1": "",
        "empleador1descripcion1": "",
        "empleador1actividad1": "",
        "empleador1cargo1": "",
        "empleador1salario1": "",
        "empleador1ingreso1": "",
        "empleador1salida1": "",
        "empleador1provincia1": "",
        "empleador1canton1": "",
        "empleador1parroquia1": ""
      },
      "empleador_2": {
        "empleador2ruc2": "",
        "empleador2nombre2": "",
        "empleador2direccion2": "",
        "empleador2telefono2": "",
        "empleador2descripcion2": "",
        "empleador2actividad2": "",
        "empleador2cargo2": "",
        "empleador2salario2": "",
        "empleador2ingreso2": "",
        "empleador2salida2": "",
        "empleador2provincia2": "",
        "empleador2canton2": "",
        "empleador2parroquia2": ""
      },
      "cantidad_cargas": {
        "cargas": ""
      },
      "medios": {
        "direccion_medio": "",
        "telefono_medio": "",
        "celular_medio": "",
        "email_medio": "",
        "provincia_medio": "",
        "canton_medio": "",
        "parroquia_medio": ""
      },
      "medios_2": {
        "direccion_medio": "",
        "telefono_medio": "",
        "celular_medio": "",
        "email_medio": "",
        "provincia_medio": "",
        "canton_medio": "",
        "parroquia_medio": ""
      }
    }
  },
  {
    "registros": {
      "socio_demografico": {
        "nut": "1850582055",
        "nombre": "PACARI QUINATOA CHRISTIAN JOEL",
        "sexo": "1",
        "fecha_1": "01/14/2003",
        "nacionalidad": "239",
        "civil": "1",
        "fecha_2": " ",
        "fecha_3": " ",
        "profesion": "B49"
      },
      "datos_en_relacion_dependencia": {
        "ruc1": " ",
        "nombre1": " ",
        "direccion1": " ",
        "telefono1": " ",
        "descripcion1": " ",
        "actividad1": " ",
        "provincia1": " ",
        "canton1": " ",
        "parroquia1": " ",
        "rango1": "0",
        "rango2": "0",
        "rango3": "0",
        "rango4": "0",
        "fecha_4": " ",
        "fecha_5": " ",
        "ocupacion": " "
      },
      "datos_relacion_independencia": {
        "RUC": " ",
        "RAZON": " ",
        "FANTASIA": " ",
        "INICIO": " ",
        "CANCELACION": " ",
        "SUSPENSION": " ",
        "REINICIO": " ",
        "DIRECCION_RUC": " ",
        "TELEFONORUC": " ",
        "REFERENCIA": " ",
        "ACTIVIDAD_RUC": " ",
        "PROVINCIA_RUC": " ",
        "CANTON_RUC": " ",
        "PARROQUIA_RUC": " "
      },
      "medioscontacto": {
        "medio1": "0981261015",
        "medio2": " ",
        "medio3": " ",
        "medio4": " ",
        "medio5": " ",
        "medio6": " ",
        "DIRECCION_ADICIONAL": " ",
        "TELEFONO_ADICIONAL": " ",
        "PROVINCIA_ADICIONAL": "99",
        "CANTON_ADICIONAL": "9999",
        "PARROQUIA_ADICIONAL": "999999",
        "EMAIL1": " ",
        "EMAIL2": " "
      },
      "empleador_1": {
        "empleador1ruc1": "",
        "empleador1nombre1": "",
        "empleador1direccion1": "",
        "empleador1telefono1": "",
        "empleador1descripcion1": "",
        "empleador1actividad1": "",
        "empleador1cargo1": "",
        "empleador1salario1": "",
        "empleador1ingreso1": "",
        "empleador1salida1": "",
        "empleador1provincia1": "",
        "empleador1canton1": "",
        "empleador1parroquia1": ""
      },
      "empleador_2": {
        "empleador2ruc2": "",
        "empleador2nombre2": "",
        "empleador2direccion2": "",
        "empleador2telefono2": "",
        "empleador2descripcion2": "",
        "empleador2actividad2": "",
        "empleador2cargo2": "",
        "empleador2salario2": "",
        "empleador2ingreso2": "",
        "empleador2salida2": "",
        "empleador2provincia2": "",
        "empleador2canton2": "",
        "empleador2parroquia2": ""
      },
      "cantidad_cargas": {
        "cargas": ""
      },
      "medios": {
        "direccion_medio": "",
        "telefono_medio": "",
        "celular_medio": "",
        "email_medio": "",
        "provincia_medio": "",
        "canton_medio": "",
        "parroquia_medio": ""
      },
      "medios_2": {
        "direccion_medio": "",
        "telefono_medio": "",
        "celular_medio": "",
        "email_medio": "",
        "provincia_medio": "",
        "canton_medio": "",
        "parroquia_medio": ""
      }
    }
  },
  {
    "registros": {
      "socio_demografico": {
        "nut": "1850582055",
        "nombre": "PACARI QUINATOA CHRISTIAN JOEL",
        "sexo": "1",
        "fecha_1": "01/14/2003",
        "nacionalidad": "239",
        "civil": "1",
        "fecha_2": " ",
        "fecha_3": " ",
        "profesion": "B49"
      },
      "datos_en_relacion_dependencia": {
        "ruc1": " ",
        "nombre1": " ",
        "direccion1": " ",
        "telefono1": " ",
        "descripcion1": " ",
        "actividad1": " ",
        "provincia1": " ",
        "canton1": " ",
        "parroquia1": " ",
        "rango1": "0",
        "rango2": "0",
        "rango3": "0",
        "rango4": "0",
        "fecha_4": " ",
        "fecha_5": " ",
        "ocupacion": " "
      },
      "datos_relacion_independencia": {
        "RUC": " ",
        "RAZON": " ",
        "FANTASIA": " ",
        "INICIO": " ",
        "CANCELACION": " ",
        "SUSPENSION": " ",
        "REINICIO": " ",
        "DIRECCION_RUC": " ",
        "TELEFONORUC": " ",
        "REFERENCIA": " ",
        "ACTIVIDAD_RUC": " ",
        "PROVINCIA_RUC": " ",
        "CANTON_RUC": " ",
        "PARROQUIA_RUC": " "
      },
      "medioscontacto": {
        "medio1": "0981261015",
        "medio2": " ",
        "medio3": " ",
        "medio4": " ",
        "medio5": " ",
        "medio6": " ",
        "DIRECCION_ADICIONAL": " ",
        "TELEFONO_ADICIONAL": " ",
        "PROVINCIA_ADICIONAL": "99",
        "CANTON_ADICIONAL": "9999",
        "PARROQUIA_ADICIONAL": "999999",
        "EMAIL1": " ",
        "EMAIL2": " "
      },
      "empleador_1": {
        "empleador1ruc1": "",
        "empleador1nombre1": "",
        "empleador1direccion1": "",
        "empleador1telefono1": "",
        "empleador1descripcion1": "",
        "empleador1actividad1": "",
        "empleador1cargo1": "",
        "empleador1salario1": "",
        "empleador1ingreso1": "",
        "empleador1salida1": "",
        "empleador1provincia1": "",
        "empleador1canton1": "",
        "empleador1parroquia1": ""
      },
      "empleador_2": {
        "empleador2ruc2": "",
        "empleador2nombre2": "",
        "empleador2direccion2": "",
        "empleador2telefono2": "",
        "empleador2descripcion2": "",
        "empleador2actividad2": "",
        "empleador2cargo2": "",
        "empleador2salario2": "",
        "empleador2ingreso2": "",
        "empleador2salida2": "",
        "empleador2provincia2": "",
        "empleador2canton2": "",
        "empleador2parroquia2": ""
      },
      "cantidad_cargas": {
        "cargas": ""
      },
      "medios": {
        "direccion_medio": "",
        "telefono_medio": "",
        "celular_medio": "",
        "email_medio": "",
        "provincia_medio": "",
        "canton_medio": "",
        "parroquia_medio": ""
      },
      "medios_2": {
        "direccion_medio": "",
        "telefono_medio": "",
        "celular_medio": "",
        "email_medio": "",
        "provincia_medio": "",
        "canton_medio": "",
        "parroquia_medio": ""
      }
    }
  },
  {
    "registros": {
      "socio_demografico": {
        "nut": "1850582055",
        "nombre": "PACARI QUINATOA CHRISTIAN JOEL",
        "sexo": "1",
        "fecha_1": "01/14/2003",
        "nacionalidad": "239",
        "civil": "1",
        "fecha_2": " ",
        "fecha_3": " ",
        "profesion": "B49"
      },
      "datos_en_relacion_dependencia": {
        "ruc1": " ",
        "nombre1": " ",
        "direccion1": " ",
        "telefono1": " ",
        "descripcion1": " ",
        "actividad1": " ",
        "provincia1": " ",
        "canton1": " ",
        "parroquia1": " ",
        "rango1": "0",
        "rango2": "0",
        "rango3": "0",
        "rango4": "0",
        "fecha_4": " ",
        "fecha_5": " ",
        "ocupacion": " "
      },
      "datos_relacion_independencia": {
        "RUC": " ",
        "RAZON": " ",
        "FANTASIA": " ",
        "INICIO": " ",
        "CANCELACION": " ",
        "SUSPENSION": " ",
        "REINICIO": " ",
        "DIRECCION_RUC": " ",
        "TELEFONORUC": " ",
        "REFERENCIA": " ",
        "ACTIVIDAD_RUC": " ",
        "PROVINCIA_RUC": " ",
        "CANTON_RUC": " ",
        "PARROQUIA_RUC": " "
      },
      "medioscontacto": {
        "medio1": "0981261015",
        "medio2": " ",
        "medio3": " ",
        "medio4": " ",
        "medio5": " ",
        "medio6": " ",
        "DIRECCION_ADICIONAL": " ",
        "TELEFONO_ADICIONAL": " ",
        "PROVINCIA_ADICIONAL": "99",
        "CANTON_ADICIONAL": "9999",
        "PARROQUIA_ADICIONAL": "999999",
        "EMAIL1": " ",
        "EMAIL2": " "
      },
      "empleador_1": {
        "empleador1ruc1": "",
        "empleador1nombre1": "",
        "empleador1direccion1": "",
        "empleador1telefono1": "",
        "empleador1descripcion1": "",
        "empleador1actividad1": "",
        "empleador1cargo1": "",
        "empleador1salario1": "",
        "empleador1ingreso1": "",
        "empleador1salida1": "",
        "empleador1provincia1": "",
        "empleador1canton1": "",
        "empleador1parroquia1": ""
      },
      "empleador_2": {
        "empleador2ruc2": "",
        "empleador2nombre2": "",
        "empleador2direccion2": "",
        "empleador2telefono2": "",
        "empleador2descripcion2": "",
        "empleador2actividad2": "",
        "empleador2cargo2": "",
        "empleador2salario2": "",
        "empleador2ingreso2": "",
        "empleador2salida2": "",
        "empleador2provincia2": "",
        "empleador2canton2": "",
        "empleador2parroquia2": ""
      },
      "cantidad_cargas": {
        "cargas": ""
      },
      "medios": {
        "direccion_medio": "",
        "telefono_medio": "",
        "celular_medio": "",
        "email_medio": "",
        "provincia_medio": "",
        "canton_medio": "",
        "parroquia_medio": ""
      },
      "medios_2": {
        "direccion_medio": "",
        "telefono_medio": "",
        "celular_medio": "",
        "email_medio": "",
        "provincia_medio": "",
        "canton_medio": "",
        "parroquia_medio": ""
      }
    }
  }
]